Workbook

Sheet 內訓+保發中心(訓練年度)
A1: 姓名 | B1: email address(個人) | C1: 登錄證號 | D1: 訓練開始日 | E1: 訓練到期日 | F1: 公司內訓-完成狀態 | G1: 公司內訓-剩餘堂數 | H1: 保發中心-完成狀態 | I1: 保發中心-剩餘堂數
A2: 林舒婷 | B2: sherry.lin@asurion.com | C2: =VLOOKUP(A2,[1]亞勝未完訓清單!$B:$I,8,0) -> HA3G702043 | D2: 45925 | E2: 46290 | F2: 已完成 | G2: 0 | H2: 已完成 | I2: 0
A3: 陳哲浩 | B3: Howard.Chen@asurion.com | C3: =VLOOKUP(A3,[1]亞勝未完訓清單!$B:$I,8,0) -> HA6F899214 | D3: 45933 | E3: 46298 | F3: 已完成 | G3: 0 | H3: 已完成 | I3: 0
A4: 廖哲麟 | B4: rex.liao@asurion.com | C4: =VLOOKUP(A4,[1]亞勝未完訓清單!$B:$I,8,0) -> FA6J815734 | D4: 45950 | E4: 46315 | F4: 未完成 | G4: 3 | H4: 已完成 | I4: 0
A5: 丁建凱 | B5: jiankai.ding@asurion.com | C5: =VLOOKUP(A5,[1]亞勝未完訓清單!$B:$I,8,0) -> PA6002418F | D5: 45950 | E5: 46315 | F5: 未完成 | G5: 3 | H5: 已完成 | I5: 0
A6: 劉柏緯 | B6: Evan.Liu@asurion.com | C6: =VLOOKUP(A6,[1]亞勝未完訓清單!$B:$I,8,0) -> FA6K896627 | D6: 45964 | E6: 46329 | F6: 已完成 | G6: 0 | H6: 已完成 | I6: 0
A7: 宋芷婷 | B7: Molly.song@asurion.com | C7: =VLOOKUP(A7,[1]亞勝未完訓清單!$B:$I,8,0) -> FA6I716049 | D7: 46030 | E7: 46395 | F7: 已完成 | G7: 0 | H7: 未完成 | I7: 8
A8: 蔡聆偉 | B8: Will.tsai@asurion.com | C8: =VLOOKUP(A8,[1]亞勝未完訓清單!$B:$I,8,0) -> QA6F819762 | D8: 46041 | E8: 46406 | F8: 已完成 | G8: 0 | H8: 已完成 | I8: 0
A9: 馮冠瑋 | B9: Ray.feng@asurion.com | C9: =VLOOKUP(A9,[1]亞勝未完訓清單!$B:$I,8,0) -> PA6F812229 | D9: 46041 | E9: 46406 | F9: 已完成 | G9: 0 | H9: 未完成 | I9: 11
A10: 王惠香 | B10: amber.wang@asurion.com | C10: =VLOOKUP(A10,[1]亞勝未完訓清單!$B:$I,8,0) -> F32F753270 | D10: 46170 | E10: 46535 | F10: 未完成 | G10: 4 | H10: 未完成 | I10: 12
A11: 李宗遠 | B11: Jacky.Lee@asurion.com | C11: =VLOOKUP(A11,[1]亞勝未完訓清單!$B:$I,8,0) -> FA6E150188 | D11: 46174 | E11: 46539 | F11: 未完成 | G11: 4 | H11: 未完成 | I11: 12
A12: 陳俊廷 | B12: Alex.Chen@asurion.com | C12: =VLOOKUP(A12,[1]亞勝未完訓清單!$B:$I,8,0) -> FA6D878665 | D12: 46175 | E12: 46540 | F12: 未完成 | G12: 4 | H12: 未完成 | I12: 12

Sheet 高齡+洗防+公平待課(20261231到期)
A1: 姓名 | B1: email address(個人) | C1: 登錄證號 | D1: 訓練開始日 | E1: 訓練到期日 | F1: 高齡-完成情況 | G1: 洗防課程-完成狀態 | H1: 公平待客-完成狀態
A2: 林舒婷 | B2: sherry.lin@asurion.com | C2: =VLOOKUP(A2,[1]亞勝未完訓清單!$B:$I,8,0) -> HA3G702043 | D2: 46023 | E2: 46387 | F2: 已完成 | G2: 已完成 | H2: 已完成
A3: 陳哲浩 | B3: Howard.Chen@asurion.com | C3: =VLOOKUP(A3,[1]亞勝未完訓清單!$B:$I,8,0) -> HA6F899214 | D3: 46023 | E3: 46387 | F3: 未完成 | G3: 已完成 | H3: 已完成
A4: 廖哲麟 | B4: rex.liao@asurion.com | C4: =VLOOKUP(A4,[1]亞勝未完訓清單!$B:$I,8,0) -> FA6J815734 | D4: 46023 | E4: 46387 | F4: 未完成 | G4: 已完成 | H4: 已完成
A5: 丁建凱 | B5: jiankai.ding@asurion.com | C5: =VLOOKUP(A5,[1]亞勝未完訓清單!$B:$I,8,0) -> PA6002418F | D5: 46023 | E5: 46387 | F5: 未完成 | G5: 已完成 | H5: 已完成
A6: 劉柏緯 | B6: Evan.Liu@asurion.com | C6: =VLOOKUP(A6,[1]亞勝未完訓清單!$B:$I,8,0) -> FA6K896627 | D6: 46023 | E6: 46387 | F6: 未完成 | G6: 已完成 | H6: 已完成
A7: 宋芷婷 | B7: Molly.song@asurion.com | C7: =VLOOKUP(A7,[1]亞勝未完訓清單!$B:$I,8,0) -> FA6I716049 | D7: 46023 | E7: 46387 | F7: 未完成 | G7: 已完成 | H7: 已完成
A8: 蔡聆偉 | B8: Will.tsai@asurion.com | C8: =VLOOKUP(A8,[1]亞勝未完訓清單!$B:$I,8,0) -> QA6F819762 | D8: 46023 | E8: 46387 | F8: 已完成 | G8: 已完成 | H8: 已完成
A9: 馮冠瑋 | B9: Ray.feng@asurion.com | C9: =VLOOKUP(A9,[1]亞勝未完訓清單!$B:$I,8,0) -> PA6F812229 | D9: 46023 | E9: 46387 | F9: 已完成 | G9: 已完成 | H9: 已完成
A10: 王惠香 | B10: amber.wang@asurion.com | C10: =VLOOKUP(A10,[1]亞勝未完訓清單!$B:$I,8,0) -> F32F753270 | D10: 46023 | E10: 46387 | F10: 已完成 | G10: 已完成 | H10: 已完成
A11: 李宗遠 | B11: Jacky.Lee@asurion.com | C11: =VLOOKUP(A11,[1]亞勝未完訓清單!$B:$I,8,0) -> FA6E150188 | D11: 46023 | E11: 46387 | F11: 已完成 | G11: 已完成 | H11: 已完成
A12: 陳俊廷 | B12: Alex.Chen@asurion.com | C12: =VLOOKUP(A12,[1]亞勝未完訓清單!$B:$I,8,0) -> FA6D878665 | D12: 46023 | E12: 46387 | F12: 未完成 | G12: 已完成 | H12: 已完成

Sheet 工作表1
A1: 姓名 | B1: HQ/CC | C1: 登錄證號 | D1: email | E1: AL帳號 | F1: AL密碼 | G1: 狀態 | H1: 已登錄時間(年) | I1: 訓練年度 | J1: 訓練開始日 | K1: 訓練到期日 | L1: 公司內訓-完成狀態 | M1: 保發中心-完成狀態 | N1: 保發中心-剩餘應修 | O1: 洗防課程-完成狀態 | P1: 高齡-完成情況 | Q1: 公平待客-完成狀態
A2: 黃椿翔 | B2: CC | C2: FA6K904169 | D2: Riven.Huang@asurion.com | G2: 有效 | H2: 1.3 | I2: 2 | J2: 45693 | K2: 46057 | L2: 未完成 | M2: 未完成 | N2: 9 | O2: 未完成 | P2: 未完成 | Q2: 未完成
A3: 陳泀翰 | B3: HQ | C3: EA6J909568 | D3: johnnyshch@gmail.com | G3: 有效 | H3: 1.3 | I3: 2 | J3: 45693 | K3: 46057 | L3: 未完成 | M3: 未完成 | N3: 10 | O3: 未完成 | P3: 未完成 | Q3: 未完成
A4: 張品儀 | B4: HQ | C4: PA6D912388 | D4: winnie.chang@asurion.com | G4: 有效 | H4: 1.1 | I4: 2 | J4: 45373 | K4: 45737 | L4: 未完成 | M4: 已逾期 | N4: 20 | O4: 未完成 | P4: 未完成 | Q4: 未完成
A5: 李誌緯 | B5: HQ | C5: FA6I835362 | D5: Nero.Lee@asurion.com | G5: 有效 | H5: 4.1 | I5: 5 | J5: 45766 | K5: 46130 | L5: 未完成 | M5: 未完成 | N5: 5 | O5: 未完成 | P5: 已完成 | Q5: 未完成
A6: 李宗遠 | B6: CC | C6: FA6E150188 | D6: Jacky.Lee@asurion.com | G6: 有效 | H6: 4 | I6: 4 | J6: 45444 | K6: 45808 | L6: 已完成 | M6: 已完成 | N6: 0 | O6: 未完成 | P6: 未完成 | Q6: 未完成
A7: 吳慧瑩 | B7: HQ | C7: AA6G837664 | D7: Gina.Wu@asurion.com | G7: 有效 | H7: 4 | I7: 5 | J7: 45787 | K7: 46151 | L7: 未完成 | M7: 未完成 | N7: 12 | O7: 未完成 | P7: 未完成 | Q7: 未完成
A8: 吳東安 | B8: HQ | C8: PA6G835360 | D8: Leon.Wu@asurion.com | G8: 有效 | H8: 4.1 | I8: 5 | J8: 45766 | K8: 46130 | L8: 未完成 | M8: 已完成 | N8: 0 | O8: 未完成 | P8: 未完成 | Q8: 未完成
A9: 林宗賢 | B9: CC | C9: PA6I835713 | D9: Melon.Lin@asurion.com | G9: 有效 | H9: 4 | I9: 4 | J9: 45444 | K9: 45808 | L9: 已完成 | M9: 已完成 | N9: 0 | O9: 未完成 | P9: 未完成 | Q9: 未完成
A10: 蔡聆偉 | B10: CC | C10: QA6F819762 | D10: Will.tsai@asurion.com | G10: 有效 | H10: 4.3 | I10: 5 | J10: 45676 | K10: 46040 | L10: 未完成 | M10: 已完成 | N10: 0 | O10: 未完成 | P10: 未完成 | Q10: 未完成
A11: 馮冠瑋 | B11: CC | C11: PA6F812229 | D11: Ray.feng@asurion.com | G11: 有效 | H11: 4.3 | I11: 5 | J11: 45676 | K11: 46040 | L11: 未完成 | M11: 未完成 | N11: 8 | O11: 未完成 | P11: 未完成 | Q11: 未完成
A12: 洪文棋 | B12: HQ | C12: JA6H835361 | D12: Kevin.Hung@asurion.com | G12: 有效 | H12: 4.1 | I12: 5 | J12: 45766 | K12: 46130 | L12: 未完成 | M12: 未完成 | N12: 12 | O12: 未完成 | P12: 未完成 | Q12: 未完成
A13: 張祐綺 | B13: HQ | C13: BA6C850809 | D13: misty.chang@asurion.com | G13: 有效 | H13: 3.4 | I13: 4 | J13: 45650 | K13: 46014 | L13: 未完成 | M13: 未完成 | N13: 11 | O13: 未完成 | P13: 未完成 | Q13: 未完成
... A29: 陸嗣禮 | B29: HQ | C29: AA6E798260 | D29: andy.lu@asurion.com | G29: 有效 | H29: 1.7 | I29: 2 | J29: 45539 | K29: 45903 | L29: 未完成 | M29: 未完成 | N29: 12 | O29: 未完成 | P29: 未完成 | Q29: 未完成
